<?xml version="1.0"?>
<doc>
    <assembly>
        <name>ECExplorer</name>
    </assembly>
    <members>
        <member name="T:ECExplorerFormsApp.ECExplorerForm">
            <summary>
            Define the public partial class ECExplorerForm
            </summary>
        </member>
        <member name="M:ECExplorerFormsApp.ECExplorerForm.#ctor">
            <summary>
            Initialize everything
            </summary>
        </member>
        <member name="M:ECExplorerFormsApp.ECExplorerForm.WriteByteToPort(System.Int32,System.Byte,System.Byte)">
            <summary>
            Write a Byte to Port
            </summary>
        </member>
        <member name="M:ECExplorerFormsApp.ECExplorerForm.ReadByteFromPort(System.Int32,System.Byte,System.Byte@)">
            <summary>
            Read a Byte from Port
            </summary>
        </member>
        <member name="M:ECExplorerFormsApp.ECExplorerForm.Dispose(System.Boolean)">
            <summary>
            Dispose components
            </summary>
        </member>
    </members>
</doc>
